Employee Number,Decimal Number
208832,40.00
208832,40.00
209024,24.00
208833,40.00
208833,40.00
209027,24.00
208034,40.00
208034,40.00
209025,24.00
208841,56.00
208841,40.00
208841,163.04
208841,319.01
208841,40.00
208841,64.00
208174,40.00
208174,40.00
208174,56.00
208174,72.00
208174,200.00
208174,163.04
208174,319.01
208174,200.00
208174,64.00
208218,353.72
208218,.00
208218,56.00
208218,.00
208218,4.00
208218,192.15
208218,84.76
208218,.00
208218,480.00
208218,8.00
208218,36.00
209123,40.00
208687,56.00
208687,40.00
208687,180.93
208687,43.56
208687,40.00
208687,36.00
208626,132.47
208626,16.00
208626,56.00
208626,441.81
208626,.00
208626,35.00
208626,30.00
208989,49.98
208989,16.00
208989,56.00
208989,172.86
208989,40.00
208989,40.00
208724,56.00
208724,36.00
208724,600.00
208724,203.16
208724,32.00
208724,80.00
208766,56.00
208766,11.00
208766,.00
208766,291.41
208766,480.00
208766,29.00
208766,38.77
208641,205.91
208641,16.00
208641,56.00
208641,513.69
208641,.00
208641,40.00
208641,40.00
209078,56.00
209078,48.00
209078,144.00
209078,64.00
208474,181.30
208474,16.00
208474,56.00
208474,516.79
208474,.00
208474,11.00
208474,40.00
209167,104.00
209167,56.00
209167,46.20
209167,11.10
208806,174.66
208806,.00
208806,56.00
208806,250.08
208806,40.00
208806,207.68
208806,195.03
208806,40.00
208806,50.50
208639,200.17
208639,16.00
208639,56.00
208639,373.61
208639,.00
208639,22.00
208639,205.74
208639,185.40
208639,40.00
208639,16.12
208639,402.21
208639,80.00
208639,672.00
208639,46.20
208639,40.00
208639,268.84
208639,279.00
208639,434.50
208639,147.32
208639,960.00
208639,11.10
208639,339.00
208639,321.39
208931,43.80
208931,16.00
208931,56.00
208931,310.40
208931,40.00
208931,40.00
208931,43.80
208931,16.00
208931,56.00
208931,310.40
208931,40.00
208931,40.00
208025,253.70
208025,.00
208025,56.00
208025,668.76
208025,.00
208025,40.00
208025,480.00
208025,589.82
208025,.00
208025,32.00
208025,48.00
208599,54.69
208599,16.00
208599,56.00
208599,649.67
208599,40.00
208599,30.00
208659,24.00
208659,25.50
208659,25.50
208659,308.39
208659,16.00
208659,112.00
208659,24.00
208659,318.43
208659,105.50
208659,480.00
208659,589.82
208659,87.50
208659,48.00
208436,130.18
208436,107.54
208436,.00
208436,32.00
208436,480.00
208436,.00
208436,16.00
208436,.00
208436,.00
208436,198.65
208436,.00
209072,82.08
209072,.00
209072,.00
209072,14.00
209072,.00
209072,85.40
208302,248.70
208302,16.00
208302,56.00
208302,226.30
208302,.00
208302,40.00
208302,23.00
208302,.00
208302,.00
208302,.00
208302,40.00
209136,29.26
209136,9.37
209136,.00
209136,6.00
209136,.00
209136,35.15
208925,51.01
208925,13.00
208925,.00
208925,.00
208925,16.00
208925,.00
208925,5.00
208925,47.70
208925,.00
208417,225.03
208417,16.00
208417,56.00
208417,555.23
208417,.00
208417,40.00
208417,80.00
208417,13.00
208417,766.26
208417,32.00
208417,112.00
208417,781.53
208417,129.91
208417,80.00
208417,112.00
208417,480.00
208417,23.00
208417,52.00
208417,5.00
208417,366.90
208417,53.00
209149,21.56
209149,.00
209149,.00
209149,15.50
209149,.00
209149,25.90
208544,115.69
208544,16.00
208544,56.00
208544,179.36
208544,.00
208544,32.00
208544,28.50
208544,8.48
208544,.00
208544,.00
208544,.00
208544,25.88
208544,40.00
208544,137.25
208544,16.00
208544,56.00
208544,179.36
208544,.00
208544,32.00
208544,28.50
208544,8.48
208544,15.50
208544,51.78
208544,40.00
208964,22.96
208964,1.50
208964,18.00
208964,.00
208964,16.00
208964,79.45
208964,4.00
208964,22.96
208964,1.50
208964,18.00
208964,16.00
208964,79.45
208964,4.00
208267,121.99
208267,.00
208267,56.00
208267,55.40
208267,.00
208267,.00
208267,40.00
208267,.00
208267,480.00
208267,.00
208267,.00
208267,.00
208267,24.00
208267,255.92
208267,40.00
208151,12.32
208151,.00
208151,.00
208151,16.00
208151,.00
208151,14.80
209068,78.50
209068,.00
209068,.00
209068,.00
209068,.00
209068,6.00
209068,32.95
209060,.00
209060,.00
209060,.00
209060,16.00
209060,.00
209060,3.70
209035,51.65
209035,.00
209035,.00
209035,.00
209035,.00
209035,.00
209035,12.00
209035,53.01
209083,53.22
209083,52.50
209083,.00
209083,.00
209083,.00
209083,36.75
205567,584.65
205567,56.00
205567,68.80
205567,.00
205567,.00
205567,.00
205567,.00
205567,.00
205567,.00
205567,.00
205567,22.00
205567,953.15
205567,10.00
205567,902.33
205567,112.00
205567,124.20
205567,52.50
205567,40.00
205567,480.00
205567,32.00
205567,64.00
205567,350.28
205567,50.00
208783,45.42
208783,16.00
208783,56.00
208783,281.13
208783,23.00
208783,4.00
209178,56.00
209178,3.08
209178,5.54
209178,40.04
208977,20.25
208977,.00
208977,56.00
208977,183.75
208977,1.50
208977,40.00
208977,40.00
208977,65.67
208977,16.00
208977,168.00
208977,464.88
208977,1.50
208977,63.00
208977,3.08
208977,5.54
208977,44.00
208977,40.04
208886,8.34
208886,.00
208886,56.00
208886,16.42
208886,40.00
208886,36.00
208856,14.40
208856,.00
208856,56.00
208856,53.86
208856,40.00
208856,29.50
208864,180.41
208864,16.00
208864,56.00
208864,360.33
208864,40.00
208864,3.50
208478,158.96
208478,.00
208478,56.00
208478,722.96
208478,40.00
208478,4.62
208478,5.54
208478,39.00
208478,40.00
208887,32.68
208887,2.00
208887,56.00
208887,33.64
208887,5.00
208887,22.00
208962,3.08
208962,16.00
208962,56.00
208962,5.54
208825,80.00
208825,56.00
208825,40.00
208825,600.00
208825,429.04
208825,32.00
208811,139.92
208811,16.00
208811,56.00
208811,60.46
208811,.00
208811,14.00
208811,2.00
208594,56.00
208594,.00
208594,132.42
208594,522.51
208594,40.00
208594,.00
208234,109.94
208234,.00
208234,56.00
208234,77.76
208234,.00
208234,40.00
208234,386.16
208234,181.32
208234,.00
208234,.00
208234,31.00
208234,22.00
208851,227.64
208851,16.00
208851,56.00
208851,298.55
208851,.00
208851,32.00
208851,875.37
208851,80.00
208851,66.00
208851,616.00
208851,629.52
208851,259.00
208851,123.20
208851,138.41
208851,267.00
208851,62.00
208865,27.16
208865,14.00
208865,56.00
208865,125.58
208865,40.00
208865,40.00
208657,71.67
208657,16.00
208657,56.00
208657,18.11
208657,.00
208657,16.00
208657,28.00
209175,3.08
209175,16.00
209175,56.00
209175,5.54
209175,.00
209175,101.91
209175,46.00
209175,168.00
209175,149.23
209175,56.00
209175,68.00
208423,354.73
208423,236.92
208423,9.25
208423,.00
208423,16.00
208423,.00
208423,324.95
208423,40.00
209032,12.32
209032,.00
209032,.00
209032,8.00
209032,.00
209032,14.80
207845,147.10
207845,.00
207845,56.00
207845,389.31
207845,.00
207845,40.00
207845,795.69
207845,513.28
207845,.00
207845,.00
207845,.00
207845,5.00
207845,40.00
207845,80.00
209031,43.00
207884,476.30
207884,16.00
207884,56.00
207884,399.77
207884,.00
207884,40.00
207884,.00
207884,.00
207884,.00
207884,.00
207884,533.78
207884,40.00
208777,230.35
208777,8.00
208777,56.00
208777,418.26
208777,40.00
208777,40.00
208969,95.43
208969,9.12
208969,40.00
208969,.00
208969,16.00
208969,114.75
208969,32.00
208985,66.14
208985,3.87
208985,.25
208985,.00
208985,8.00
208985,.00
208985,17.06
208985,40.00
208698,11.14
208698,.00
208698,40.00
208698,.00
208698,.00
208698,.00
208698,.00
208698,14.58
208698,40.00
209103,23.00
209039,54.47
209039,.00
209039,.00
209039,.00
209039,.00
209039,15.63
208497,89.48
208497,18.00
208497,.00
208497,39.00
208497,.00
208497,7.00
208497,.00
208497,7.00
208497,31.10
208497,12.00
208383,.00
208383,56.00
208383,40.00
208383,319.36
208383,482.86
208383,.00
208383,40.00
208383,75.00
208814,46.30
208814,190.50
208814,40.00
208814,.00
208814,16.00
208814,157.43
208814,40.00
208852,181.66
208852,113.12
208852,10.00
208852,.00
208852,16.00
208852,224.45
208852,40.00
208767,240.00
208767,240.00
208767,40.00
208767,.00
208767,16.00
208767,.00
208767,345.95
208767,24.00
209029,93.40
209029,103.75
209029,6.00
209029,.00
209029,.00
209029,84.20
209028,39.56
209028,7.00
209028,56.00
209028,.00
209028,127.15
208578,213.75
208578,.00
208578,218.00
208578,40.00
208578,.00
208578,3.00
208578,.00
208578,9.00
208578,293.24
208578,40.00
208578,352.13
208578,31.00
208578,280.00
208578,66.00
208578,334.49
208578,133.30
208578,379.50
208578,115.05
208578,996.14
208578,39.00
208578,6.00
208578,106.00
208578,16.00
208578,176.92
208578,468.00
208578,155.00
208145,153.20
208145,54.67
208145,14.00
208145,36.00
208145,.00
208145,11.00
208145,.00
208145,4.00
208145,53.70
208145,13.00
208741,5.83
208741,3.40
208741,.00
208741,33.00
208741,368.75
208741,.00
208741,.00
208741,7.00
208741,.00
208741,159.03
208741,58.07
208741,14.00
208741,69.00
208741,368.75
208741,11.00
208741,4.00
208741,60.70
208741,13.00
207891,162.59
207891,2.12
207891,.00
207891,.00
207891,16.00
207891,.00
207891,379.15
207891,40.00
208512,59.68
208512,39.00
208512,.00
208512,.00
208512,16.00
208512,.00
208512,15.58
208512,.00
209156,18.48
209156,3.00
209156,.00
209156,16.00
209156,.00
209156,.00
209156,22.20
208143,354.48
208143,.00
208143,40.00
208143,.00
208143,16.00
208143,.00
208143,531.23
208143,40.00
208014,334.94
208014,2.62
208014,16.00
208014,48.00
208014,.00
208014,.00
208014,.00
208014,16.00
208014,.00
208014,161.26
208014,40.00
209165,12.32
209165,.00
209165,.00
209165,16.00
209165,.00
209165,14.80
209165,942.49
209165,46.75
209165,56.00
209165,48.00
209165,96.00
209165,124.22
209165,120.00
209086,17.03
209086,4.62
209086,.00
209086,.00
209086,.00
209086,14.46
209038,13.51
209038,5.75
209038,.00
209038,.00
209038,.00
209038,.00
209038,25.57
209067,44.17
209067,24.87
209067,.00
209067,16.00
209067,.00
209067,4.22
209040,99.10
209040,10.75
209040,.00
209040,16.00
209040,.00
209040,12.00
209040,110.76
209142,40.00
207930,34.79
207930,129.37
207930,8.00
207930,32.00
207930,480.00
207930,.00
207930,.00
207930,.00
207930,150.92
207930,16.00
208109,192.48
208109,.00
208109,56.00
208109,846.88
208109,40.00
208109,400.00
208109,.00
208109,56.00
208109,40.00
209115,4.00
209115,401.08
209115,56.00
209115,44.00
209115,846.88
209115,175.37
209115,48.00
209115,432.00
209115,536.00
209115,32.00
209115,12.00
209115,305.93
209115,56.00
209088,48.68
209088,8.00
209088,56.00
209088,103.34
209088,48.68
209088,8.00
209088,56.00
209088,103.34
208541,68.40
208541,.00
208541,56.00
208541,100.80
208541,49.20
208541,38.32
208541,51.60
208898,32.00
208995,56.39
208995,.00
208995,56.00
208995,33.46
208995,40.00
208995,14.00
208988,20.84
208988,12.00
208988,56.00
208988,6.42
208988,40.00
208988,40.00
207619,7.69
207619,.00
207619,56.00
207619,5.54
207619,56.91
207619,30.32
207619,39.60
209006,30.33
209006,16.00
209006,56.00
209006,102.61
209006,.00
209006,.00
209007,56.00
209007,40.00
209007,82.76
209007,209.27
209007,40.00
209007,72.48
208720,39.16
208720,16.00
208720,56.00
208720,74.22
208720,.00
209105,39.47
209105,.00
209105,56.00
209105,79.96
208881,9.96
208881,8.00
208881,56.00
208881,.00
208881,73.90
208881,40.00
208881,.00
208881,40.00
208487,186.63
208487,.00
208487,56.00
208487,509.43
208487,.00
208487,20.00
208487,47.50
208487,40.00
208580,56.00
208580,145.26
208580,75.42
208580,64.00
208580,458.87
208580,52.00
208580,616.00
208580,32.00
208580,986.34
208580,180.00
208580,334.13
208580,353.33
208580,47.50
208580,174.00
208580,227.68
208976,77.08
208976,7.00
208976,56.00
208976,77.54
208976,40.00
208976,40.00
208980,41.50
208980,14.00
208980,56.00
208980,98.50
208980,40.00
208980,37.00
209151,16.56
209151,16.00
209151,56.00
209151,30.78
209151,.00
208823,56.00
208823,40.00
208823,308.10
208823,313.09
208823,40.00
208823,80.00
208668,314.60
208668,16.00
208668,56.00
208668,551.03
208668,22.00
208668,40.00
208668,449.74
208668,53.00
208668,280.00
208668,757.85
208668,142.00
208668,308.10
208668,313.09
208668,157.00
208668,80.00
208736,214.01
208736,.00
208736,56.00
208736,.00
208736,124.63
208736,40.00
208736,40.00
208950,81.52
208950,16.00
208950,56.00
208950,291.16
208950,40.00
208950,40.00
208712,56.00
208712,40.00
208712,351.53
208712,488.26
208712,40.00
208712,48.00
208873,162.80
208873,.00
208873,40.00
208873,.00
208873,16.00
208873,174.10
208873,40.00
208300,154.10
208300,16.00
208300,56.00
208300,119.22
208300,.00
208300,.00
208300,.00
208300,.00
208300,.00
208300,55.90
208300,16.00
208774,4.92
208774,.00
208774,.00
208774,1.25
208774,.00
208774,.00
208774,.00
208774,8.33
208774,19.25
208831,7.62
208831,.00
208831,.00
208831,128.00
208831,.00
208831,16.00
208831,14.80
208831,.00
208966,18.65
208966,.00
208966,.00
208966,40.00
208966,.00
208966,.00
208966,.00
208966,.00
208966,55.69
208966,40.00
209128,33.88
209128,16.00
209128,.00
209128,60.94
208304,338.80
208304,16.00
208304,56.00
208304,341.60
208304,.00
208304,40.00
208304,.00
208304,296.00
208304,.00
208304,.00
208304,.00
208304,19.02
208304,40.00
208835,31.34
208835,3.00
208835,.00
208835,.00
208835,.00
208835,36.94
208835,40.00
208826,235.48
208826,16.00
208826,56.00
208826,415.49
208826,.00
208826,40.00
208826,.00
208826,40.00
208765,172.67
208765,16.00
208765,56.00
208765,468.93
208765,40.00
208765,40.00
209004,24.00
208834,8.40
208834,.00
208834,31.00
208834,.00
208834,11.00
208834,72.38
208834,40.00
208834,464.19
208834,96.00
208834,392.00
208834,24.00
208834,821.97
208834,3.00
208834,352.25
208834,351.53
208834,488.26
208834,.00
208834,424.00
208834,43.00
208834,437.16
208834,435.25
208834,48.00
208982,56.00
208982,40.00
208982,109.06
208982,199.27
208982,40.00
208982,80.00
205915,473.58
205915,68.16
205915,40.00
205915,.00
205915,.00
205915,16.00
205915,.00
205915,.00
205915,354.21
205915,40.00
205915,473.58
205915,56.00
205915,68.16
205915,80.00
205915,109.06
205915,199.27
205915,16.00
205915,354.21
205915,80.00
205915,80.00
208272,338.46
208272,8.00
208272,56.00
208272,960.36
208272,40.00
208272,.00
208272,40.00
208878,31.46
208878,.00
208878,56.00
208878,201.40
208878,36.00
208878,33.00
208999,91.76
208999,16.00
208999,56.00
208999,191.38
208999,.00
208999,40.00
208999,40.00
209081,43.76
209081,.00
209081,.00
209081,16.00
209081,.00
209081,54.10
209081,505.44
209081,24.00
209081,168.00
209081,353.14
209081,116.00
209081,16.00
209081,54.10
209081,113.00
208149,2.82
208149,.00
208149,.00
208149,186.00
208149,.00
208149,.00
208149,.00
208149,10.00
208149,3.38
208149,.00
209143,40.00
208631,100.92
208631,28.05
208631,.00
208631,.00
208631,14.00
208631,.00
208631,9.00
208631,292.65
208631,36.00
208094,446.30
208094,16.00
208094,56.00
208094,879.90
208094,.00
208094,40.00
208094,.00
208094,.00
208094,.00
208094,251.80
208094,40.00
209163,12.32
209163,.00
209163,.00
209163,5.00
209163,.00
209163,12.00
209163,14.80
208484,88.85
208484,.00
208484,.00
208484,.00
208484,11.00
208484,.00
208484,4.00
208484,81.40
208484,.00
208896,51.45
208896,162.02
208896,.00
208896,.00
208896,.00
208896,.00
208896,3.00
208896,27.38
208896,.00
209164,12.32
209164,.00
209164,.00
209164,13.83
209164,.00
209164,12.00
209164,14.80
209108,56.00
209108,103.13
209108,80.39
209108,55.00
208933,64.00
208933,40.00
208933,40.00
208963,16.57
208963,5.28
208963,.00
208963,.00
208963,.00
208963,.00
208963,6.00
208963,58.76
208963,13.00
208581,35.08
208581,.67
208581,.00
208581,.00
208581,.00
208581,.00
208581,5.00
208581,4.20
208581,.00
207777,20.98
207777,.25
207777,1.00
207777,16.00
207777,.00
207777,480.00
207777,.00
207777,8.00
207777,.00
207777,5.00
207777,19.58
207777,.00
209162,13.71
209162,.00
209162,.00
209162,14.00
209162,.00
209162,12.00
209162,.00
208917,209.29
208917,.00
208917,5.00
208917,.00
208917,10.75
208917,.00
208917,6.00
208917,67.00
208917,40.00
208917,010.61
208917,16.00
208917,112.00
208917,104.00
208917,879.90
208917,196.29
208917,86.00
208917,103.13
208917,80.39
208917,16.00
208917,666.00
208917,76.58
208917,84.00
208917,835.75
208917,169.00
208917,55.00
208637,85.86
208637,105.37
208637,56.30
208637,296.70
208637,674.16
208637,56.30
208042,667.29
208042,377.75
208042,56.30
208042,10.00
208042,180.60
208042,973.45
208042,56.30
208130,110.28
208130,480.00
208130,56.30
208130,112.60
208130,509.55
208130,204.36
208130,56.30
208177,66.91
208177,69.75
208177,34.30
208177,14.20
208177,965.55
208177,32.30
208643,121.86
208643,126.63
208643,8.30
208643,45.15
208643,465.16
208643,56.30
208895,97.30
208895,22.50
208895,40.00
208895,.00
208895,16.00
208895,26.38
208895,.00
207350,107.92
207350,18.75
207350,56.30
207350,45.15
207350,448.85
207350,56.30
208131,17.55
208131,120.00
208131,8.30
208131,.00
208131,348.30
208131,438.18
208131,8.30
208178,226.78
208178,95.75
208178,56.30
208178,30.00
208178,353.35
208178,506.02
208178,56.30
208020,563.50
208020,476.29
208020,8.30
208020,144.00
208020,435.60
208020,133.70
208020,658.22
208020,32.30
207190,918.38
207190,.25
207190,40.00
207190,53.24
207190,560.09
207190,40.00
207481,168.36
207481,35.75
207481,56.30
207481,64.60
207481,12.90
207481,068.19
207481,56.30
208043,621.16
208043,450.25
208043,.00
208043,531.60
208043,516.00
208043,887.77
208043,45.60
208396,132.69
208396,294.50
208396,56.30
208396,16.60
208396,320.03
208396,786.40
208396,56.30
208044,180.74
208044,276.00
208044,16.30
208044,26.00
208044,212.85
208044,069.40
208044,.30
201723,361.05
201723,405.25
201723,56.30
201723,48.00
201723,516.00
201723,447.36
201723,56.30
207191,351.38
207191,8.50
207191,56.30
207191,14.20
207191,449.99
207191,56.30
208794,186.59
208794,156.75
208794,56.30
208794,64.00
208794,129.00
208794,512.66
208794,33.30
208179,321.91
208179,287.25
208179,56.30
208179,64.60
208179,14.20
208179,797.05
208179,56.30
207352,440.79
207352,310.00
207352,56.30
207352,112.60
207352,12.90
207352,245.85
207352,56.30
208795,161.67
208795,360.00
208795,56.30
208795,64.00
208795,475.37
208795,802.78
208795,8.30
209046,31.25
209046,.00
209046,.00
209046,.00
209046,.00
209046,33.73
207187,179.45
207187,396.50
207187,56.30
207187,112.60
207187,14.20
207187,613.06
207187,56.30
208911,83.88
208911,.50
208911,56.00
208911,.00
208911,150.94
208911,.00
208911,40.00
208911,40.00
207483,291.25
207483,60.50
207483,56.30
207483,112.60
207483,212.85
207483,588.56
207483,56.30
207484,332.75
207484,184.00
207484,56.30
207484,16.60
207484,14.20
207484,577.56
207484,56.30
208646,60.14
208646,81.00
208646,8.30
208646,45.50
208646,12.90
208646,161.33
208646,56.30
207280,859.81
207280,478.00
207280,.00
207280,90.30
207280,158.86
207280,.00
208134,353.78
208134,37.00
208134,56.30
208134,435.60
208134,70.94
208134,634.36
208134,44.30
207436,190.94
207436,95.25
207436,8.30
207436,64.60
207436,128.29
207436,594.70
207436,8.30
208957,122.28
208957,159.50
208957,40.00
208957,384.00
208957,297.90
208957,94.99
208957,40.00
207354,139.81
207354,20.25
207354,.30
207354,2.60
207354,90.89
207354,723.18
207354,.30
208048,705.29
208048,336.00
208048,56.30
208048,339.60
208048,17.35
208048,384.45
208048,56.30
207193,543.88
207193,479.62
207193,56.30
207193,25.60
207193,516.00
207193,733.88
207193,8.30
208495,291.41
208495,103.50
208495,56.30
208495,339.60
208495,463.69
208495,354.37
208495,56.30
208956,139.49
208956,314.62
208956,40.00
208956,148.35
208956,274.23
208956,40.00
208586,230.85
208586,.00
208586,.00
208586,141.33
208586,4.50
208586,16.00
208586,.00
208586,16.00
208586,241.00
208586,16.00
207278,879.95
207278,469.00
207278,8.30
207278,112.60
207278,14.02
207278,872.26
207278,8.30
207524,431.68
207524,479.37
207524,8.30
207524,.60
207524,516.00
207524,254.18
207524,8.30
209048,90.28
209048,126.00
209048,216.98
209048,278.34
208021,543.49
208021,434.87
208021,40.00
208021,.00
208021,296.64
208021,944.17
208021,40.00
208002,203.21
208002,16.00
208002,56.00
208002,.00
208002,630.79
208002,8.75
208002,20.00
208002,40.00
207485,443.75
207485,155.00
207485,56.30
207485,14.20
207485,233.56
207485,56.30
208180,234.07
208180,121.75
208180,32.30
208180,120.00
208180,125.54
208180,182.45
208180,8.30
207355,936.00
207355,343.52
207355,56.30
207355,1.00
207355,129.00
207355,923.39
207355,56.30
207194,583.38
207194,455.62
207194,56.30
207194,112.60
207194,12.90
207194,988.49
207194,56.30
208181,390.41
208181,93.12
208181,56.30
208181,288.00
208181,385.68
208181,213.05
208181,8.30
209054,138.28
209054,62.10
209054,216.98
209054,182.34
207656,193.62
207656,125.75
207656,56.30
207656,.00
207656,258.00
207656,471.52
207656,56.30
208955,191.02
208955,132.32
208955,40.00
208955,336.00
208955,305.90
208955,80.37
208955,40.00
208954,43.32
208954,198.96
208954,8.00
208954,288.00
208954,114.90
208954,242.49
208954,40.00
208786,258.59
208786,430.50
208786,8.30
208786,64.00
208786,90.30
208786,506.66
208786,8.30
208648,40.86
208648,133.12
208648,8.30
208648,593.40
208648,272.41
208648,8.30
208496,265.91
208496,193.75
208496,8.30
208496,.00
208496,142.30
208496,199.77
208496,8.30
208494,157.91
208494,108.00
208494,.30
208494,128.29
208494,929.07
208494,.00
208953,.38
208953,159.00
208953,40.00
208953,352.42
208953,252.23
208953,40.00
208398,99.72
208398,10.50
208398,56.30
208398,64.60
208398,4.00
208398,296.70
208398,351.64
208398,56.30
207356,678.60
207356,191.93
207356,56.30
207356,.00
207356,23.13
207356,490.02
207356,8.30
208182,30.41
208182,282.75
208182,32.30
208182,32.00
208182,348.30
208182,065.05
208182,32.30
208101,345.48
208101,.00
208101,54.00
208101,600.38
208101,.00
208101,10.00
208101,9.00
208101,.00
208101,.00
208101,.00
208101,82.47
208101,40.00
208139,129.97
208139,478.06
208139,56.30
208139,32.00
208139,12.90
208139,310.78
208139,56.30
207480,100.75
207480,132.25
207480,8.30
207480,80.00
207480,368.00
207480,18.16
207480,246.81
207480,8.30
207357,179.14
207357,53.25
207357,56.30
207357,435.60
207357,477.91
207357,962.37
207357,56.30
209053,114.28
209053,12.00
209053,12.90
209053,110.34
208099,406.91
208099,16.00
208099,56.00
208099,176.29
208099,.00
208099,14.00
208099,.00
208099,40.00
208051,254.29
208051,136.25
208051,56.30
208051,32.00
208051,45.15
208051,470.95
208051,56.30
208952,170.28
208952,480.00
208952,40.00
208952,353.90
208952,229.49
208952,40.00
208022,279.00
208022,16.75
208022,8.30
208022,48.00
208022,12.90
208022,437.72
208022,8.30
207359,393.70
207359,168.50
207359,56.30
207359,48.00
207359,20.07
207359,604.34
207359,56.30
208184,522.41
208184,213.00
208184,8.30
208184,64.60
208184,516.00
208184,292.05
208184,.00
208023,279.00
208023,211.50
208023,8.30
208023,.00
208023,339.60
208023,516.00
208023,823.32
208023,56.30
207486,438.75
207486,388.12
207486,56.30
207486,516.00
207486,707.56
207486,56.30
208185,85.91
208185,26.50
208185,8.30
208185,16.60
208185,243.60
208185,32.33
208185,543.55
208185,56.30
208951,28.68
208951,.00
208951,.00
208951,.00
208951,353.90
208951,349.49
208951,32.00
208800,29.20
208800,147.47
208800,8.30
208800,112.00
208800,129.00
208800,108.38
208800,56.30
208024,103.07
208024,125.50
208024,8.30
208024,64.60
208024,435.60
208024,12.90
208024,797.60
208024,8.30
208471,20.13
208471,.00
208471,157.50
208471,40.00
208471,.00
208471,8.00
208471,.00
208471,3.97
208471,.00
208471,182.02
208471,32.50
208471,222.00
208471,699.73
208471,689.90
208471,526.50
208471,094.30
208471,9.00
208471,252.40
208471,892.85
208471,40.00
208471,170.78
208471,618.50
208791,113.67
208791,347.25
208791,56.30
208791,48.00
208791,480.00
208791,516.00
208791,350.78
208791,56.30
209049,89.36
209049,48.60
209049,48.20
209049,145.16
208395,87.72
208395,307.50
208395,12.30
208395,296.70
208395,059.64
208395,8.30
209052,137.36
209052,24.00
209052,215.90
209052,278.16
209055,138.28
209055,89.85
209055,216.98
209055,182.34
208798,426.62
208798,359.25
208798,56.30
208798,.60
208798,516.00
208798,562.10
208798,8.30
209051,186.28
209051,48.00
209051,216.98
209051,231.34
209051,179.29
209051,224.45
209051,124.90
209051,48.60
209051,480.00
209051,026.76
209051,809.52
209051,72.90
208454,.00
208454,10.00
208454,.00
208454,17.50
208454,165.78
208454,258.60
208454,.00
207272,89.86
207272,.00
207272,12.75
207272,40.00
207272,48.00
207272,181.30
207272,40.00
209148,51.66
209148,11.25
209148,.00
209148,22.00
209148,17.90
207847,292.00
207847,40.00
207847,19.75
207847,256.28
207847,73.88
207847,615.46
207847,40.00
208188,40.00
209100,108.58
209100,.00
209100,.00
209100,18.00
209100,30.89
208708,.00
208708,180.50
208708,40.00
208708,227.14
208708,218.48
208708,40.00
200395,64.00
207602,816.72
207602,300.00
207602,.00
207602,179.37
207602,536.04
207602,662.86
207602,40.00
207255,349.38
207255,300.00
207255,40.00
207255,179.87
207255,036.12
207255,833.86
207255,40.00
208891,.00
208891,22.75
208891,36.00
208891,352.78
208891,117.66
208891,36.00
208891,541.94
208891,.00
208891,40.00
208891,.00
208891,.00
208891,.00
208891,.00
208891,.00
208891,10.00
208891,965.18
208891,40.00
208704,57.65
208704,6.00
208704,56.00
208704,.00
208704,385.93
208704,20.00
208704,40.00
207338,483.97
207338,300.00
207338,40.00
207338,169.00
207338,523.22
207338,035.36
207338,40.00
207820,472.40
207820,300.00
207820,2.50
207820,180.00
207820,526.96
207820,985.36
207820,40.00
208531,.00
208531,300.00
208531,40.00
208531,179.87
208531,779.86
208531,669.18
208531,40.00
208126,15.87
208126,.00
208126,172.97
208126,73.12
208126,239.96
208126,40.00
208190,146.26
208190,16.00
208190,56.00
208190,83.42
208972,48.00
209168,40.00
209116,95.02
209116,.00
209116,.00
209116,22.00
209116,31.64
208343,16.25
208343,.00
208343,55.00
208343,144.08
208343,465.41
208343,.00
208705,238.00
208705,40.00
208705,48.25
208705,622.74
208705,273.14
208705,40.00
208168,300.00
208168,40.00
208168,40.00
208168,480.00
208168,.06
208168,934.19
208168,24.32
208168,455.96
208168,16.00
209117,84.70
209117,.00
209117,.00
209117,20.00
209117,5.37
208656,236.28
208656,3.00
208656,.00
208656,.00
208656,3.90
208910,.00
208910,44.15
208910,8.28
208173,674.68
208173,155.00
208173,40.00
208173,.00
208173,.00
208173,24.00
208173,858.25
208173,40.00
207059,47.21
207059,1.25
207059,32.50
207059,489.38
207059,769.36
207059,.00
208781,4.30
208781,1.00
208781,4.00
208781,.00
208781,28.00
208781,2.24
208781,.00
208716,12.25
208716,61.43
208716,30.61
208425,40.00
208193,300.00
208193,10.00
208193,22.00
208193,722.52
208193,9.24
208193,497.46
208193,40.00
208760,51.50
208760,233.42
208760,63.04
208450,296.37
208450,2.50
208450,32.50
208450,75.97
208450,271.53
208450,6.50
208040,406.30
208040,125.00
208040,.00
208040,40.00
208040,.00
208040,.00
208040,.00
208040,8.00
208040,158.35
208040,20.00
209158,35.05
209158,.75
209158,.00
209158,22.00
209158,9.57
209018,199.40
209018,.00
209018,43.50
209018,109.12
208685,243.53
208685,66.87
208685,40.00
208685,44.00
208685,231.25
208685,40.00
208998,24.00
208462,268.66
208462,16.00
208462,56.00
208462,110.70
208462,.00
208462,5.00
208462,336.00
208462,20.00
208462,322.30
208462,15.00
201197,540.63
201197,92.75
201197,40.00
201197,.00
201197,.00
201197,.00
201197,.00
201197,24.00
201197,615.17
201197,40.00
208688,.00
208688,215.50
208688,2.50
208688,376.02
208688,242.28
208688,40.00
208240,300.00
208240,2.50
208240,178.75
208240,373.25
208240,483.45
208240,40.00
208400,114.95
208400,16.00
208400,56.00
208400,197.79
208400,24.00
208400,.00
208400,60.00
208400,200.00
208400,.00
208400,71.68
208400,40.00
209112,91.32
209112,.00
209112,.00
209112,40.00
209112,32.30
208817,118.00
208817,2.50
208817,251.38
208817,273.54
208817,40.00
209133,40.00
208913,.00
208913,89.50
208913,40.00
208913,189.55
208913,23.15
208913,40.00
209110,.00
209110,163.66
209110,21.20
207781,22.05
207781,22.25
207781,40.00
207781,36.00
207781,.00
207781,.00
207781,16.00
207781,.00
207781,28.00
207781,1.32
207781,40.00
208820,271.89
208820,174.87
208820,.00
208820,8.00
208820,200.64
208820,10.00
209092,24.00
209092,.00
209092,44.64
209092,18.48
208210,300.00
208210,40.00
208210,177.75
208210,681.72
208210,574.90
208210,40.00
208591,.00
208591,32.75
208591,.00
208591,355.00
208591,320.67
208591,120.36
208591,7.50
207502,298.34
207502,300.00
207502,20.00
207502,180.00
207502,633.37
207502,766.86
207502,20.00
208970,24.00
208970,.00
208970,44.64
208970,18.48
209061,200.28
209061,.00
209061,.00
209061,16.00
209061,.00
209061,6.00
209061,70.40
207808,67.15
207808,16.00
207808,56.00
207808,.00
207808,91.34
207933,28.48
207933,.00
207933,40.00
207933,10.25
207933,13.84
207933,40.00
208333,.00
208333,3.00
208333,40.00
208333,.00
208333,.00
208333,.00
208333,.00
208333,.00
208333,40.00
208946,131.25
208946,20.00
208946,359.77
208946,80.33
208946,20.00
208192,256.32
208192,.00
208192,.00
208192,725.18
208192,9.24
208192,242.10
208192,40.00
208505,.00
208505,300.00
208505,40.00
208505,180.00
208505,94.14
208505,628.42
208505,40.00
209064,20.00
209064,.00
209064,.00
209064,.00
209064,48.00
209064,3.70
206105,608.88
206105,300.00
206105,20.00
206105,168.52
206105,005.47
206105,763.86
206105,30.00
208757,60.50
208757,62.76
208757,40.82
208225,3.14
208225,40.00
208225,5.24
208225,437.95
208225,40.00
208491,164.92
208491,65.75
208491,4.00
208491,85.50
209159,36.50
209159,.00
209159,.00
209159,24.00
209159,14.60
208459,.00
208459,59.57
208459,21.18
208633,67.20
208633,6.00
208633,56.00
208633,.00
208633,157.83
208633,.00
208633,4.00
208633,59.75
208633,30.00
208201,12.00
208201,.00
208201,988.72
208201,063.46
208201,40.00
208158,.00
208158,.00
208158,70.00
208158,415.68
208158,60.46
208158,158.96
208158,.00
208295,.00
208295,2.25
208295,40.00
208295,73.50
208295,164.73
208295,154.18
208295,40.00
209134,40.00
209114,64.00
209114,.00
209114,11.16
209114,4.62
208803,10.75
208803,40.00
208803,80.00
208803,121.96
208803,13.86
208803,40.00
207996,440.15
207996,16.00
207996,80.00
207996,865.61
207996,.00
207996,40.00
207996,.00
207996,.00
207996,.00
207996,15.00
207996,40.00
209140,40.00
207563,608.88
207563,269.87
207563,40.00
207563,745.25
207563,321.82
207563,.00
207721,155.13
207721,16.00
207721,56.00
207721,104.12
207721,.90
207721,.00
207721,.00
207721,.00
207721,.00
207721,24.00
207721,66.85
207721,36.00
209043,15.40
209043,16.00
209043,56.00
209043,17.70
207837,969.18
207837,.00
207837,.00
207837,666.10
208006,171.85
208006,.00
208006,56.00
208006,177.65
208006,40.00
208006,40.00
208412,104.55
208412,16.00
208412,56.00
208412,.00
208412,232.65
208412,.00
208412,40.00
208510,.00
208510,204.25
208510,2.50
208510,80.00
208510,529.50
208510,171.74
208510,40.00
207507,59.00
207507,5.50
207507,40.00
207507,68.00
207507,.00
207507,.00
207507,.00
207507,44.00
207507,426.93
207507,16.00
207507,143.16
207507,114.32
207507,40.00
207507,.00
207507,480.00
207507,47.00
207507,.00
207507,36.00
207507,11.10
207507,16.00
208394,421.88
208394,14.50
208394,20.00
208394,.00
208394,14.00
208394,394.55
208394,20.00
208758,.00
208758,3.50
208758,40.00
208758,180.32
208758,75.00
208758,40.00
208253,45.00
208253,40.00
208253,.00
208253,320.00
208253,749.61
208253,318.04
208253,40.00
208915,.00
208915,162.00
208915,40.00
208915,450.14
208915,32.62
208915,40.00
208523,257.62
208523,3.50
208523,40.00
208523,.00
208523,.00
208523,32.00
208523,24.00
208523,528.90
208523,40.00
208406,15.50
208406,40.00
208406,745.76
208406,411.28
208406,40.00
208882,39.25
208882,61.38
208882,5.41
209176,.00
209176,.00
209176,.00
209176,24.00
209176,3.70
207660,001.94
207660,300.00
207660,40.00
207660,176.00
207660,009.52
207660,815.36
207660,40.00
206296,728.22
206296,300.00
206296,.00
206296,172.13
206296,094.22
206296,801.86
206296,30.00
206296,045.90
206296,.00
206296,40.00
206296,.00
206296,008.74
206296,40.00
208892,.00
208892,4.25
208892,40.00
208892,282.85
208892,110.33
208892,40.00
208683,.00
208683,18.00
208683,40.00
208683,360.00
208683,572.78
208683,340.18
208683,40.00
208893,.00
208893,113.25
208893,40.00
208893,387.85
208893,250.33
208893,40.00
208889,300.00
208889,40.00
208889,179.37
208889,137.52
208889,172.28
208889,40.00
208949,322.14
208949,.00
208949,40.00
208949,48.00
208949,203.50
208949,40.00
206385,020.59
206385,300.00
206385,40.00
206385,50.00
206385,179.37
206385,859.32
206385,381.32
206385,.00
206385,5.00
208890,56.00
208890,40.00
208890,444.18
208890,315.51
208890,40.00
208890,40.00
207504,188.96
207504,300.00
207504,40.00
207504,179.27
207504,644.46
207504,017.86
207504,40.00
209177,.00
209177,.00
209177,.00
209177,24.00
209177,3.70
206423,208.80
206423,16.00
206423,64.00
206423,38.78
206423,.00
206423,40.00
206423,.00
206423,.00
206423,.00
206423,.00
206423,.00
206423,44.00
206423,36.30
206423,16.00
207824,111.00
207824,40.00
207824,357.20
207824,420.68
207824,799.46
207824,40.00
209137,70.37
209137,.00
209137,.00
209137,22.00
209137,13.54
208242,51.50
208242,40.00
208242,328.60
208242,869.88
208242,40.00
207838,213.50
207838,1.25
207838,.00
207838,50.00
207838,113.12
207838,228.86
207838,.00
209002,24.00
209135,36.00
208859,24.00
208859,7.50
208859,7.50
208937,12.40
208937,.00
208937,.00
208937,4.00
208937,21.60
205184,.00
205184,64.00
205184,.07
205184,.00
205184,.00
205184,.00
205184,54.01
207566,265.49
207566,300.00
207566,10.00
207566,.00
207566,179.19
207566,229.37
207566,425.86
207566,.00
209099,24.00
209099,.00
209099,32.14
209099,18.48
209023,64.00
209023,351.25
209023,156.00
209023,760.00
209023,744.00
209023,463.52
209023,447.87
209023,984.00
209023,444.18
209023,315.51
209023,752.50
209023,590.75
209023,63.00
209023,16.00
209023,32.00
209023,776.00
209023,928.52
209023,063.40
209023,456.07
209023,170.08
209023,183.77
209023,397.50
209023,40.00
208961,46.40
208961,.00
208961,300.00
208961,40.00
208961,56.25
208961,164.68
208961,40.00
207282,963.38
207282,300.00
207282,2.50
207282,179.99
207282,980.56
207282,980.36
207282,30.00
208241,118.87
208241,.00
208241,593.75
208241,769.45
208241,30.00
208297,.00
208297,290.50
208297,2.50
208297,7.50
208297,130.50
208297,256.86
208297,389.18
208297,40.00
208717,.00
208717,36.25
208717,2.50
208717,30.00
208717,103.54
208717,141.10
208717,40.00
208653,.00
208653,237.25
208653,.00
208653,296.32
208653,435.53
208653,40.00
208652,.00
208652,34.00
208652,40.00
208652,255.23
208652,336.11
208652,40.00
208652,009.78
208652,316.87
208652,87.50
208652,37.50
208652,366.74
208652,505.70
208652,980.56
208652,980.36
208652,236.05
208652,260.00
208866,24.00
208866,.00
208866,18.00
208945,24.00
208945,.00
208945,.00
208945,48.00
208945,18.00
209174,.00
209174,.00
209174,.00
209174,24.00
209174,3.70
209174,.00
209174,24.00
209174,3.70
207527,521.41
207527,87.87
207527,.00
207527,.00
207527,2.00
207527,.00
207527,15.00
207527,892.47
207527,40.00
207527,521.41
207527,87.87
207527,2.00
207527,15.00
207527,892.47
207527,40.00
209021,65.93
209021,.00
209021,40.00
209021,.00
209021,4.00
209021,18.40
209021,40.00
209111,108.20
209111,.00
209111,.00
209111,22.00
209111,41.20
209013,179.11
209013,.00
209013,40.00
209013,.00
209013,18.00
209013,68.42
209013,40.00
209013,353.24
209013,.00
209013,80.00
209013,44.00
209013,128.02
209013,80.00
208723,154.62
208723,9.00
208723,.00
208723,.00
208723,.00
208723,.00
208723,7.00
208723,63.70
208723,36.00
208863,23.25
208863,.00
208863,.00
208863,14.00
208863,.00
208863,12.00
208863,27.93
207585,527.90
207585,.00
207585,16.00
207585,56.00
207585,501.42
207585,40.00
207585,.00
207585,.00
207585,.00
207585,40.00
208842,265.20
208842,16.00
208842,56.00
208842,391.44
208842,40.00
208842,40.00
208502,291.23
208502,.00
208502,56.00
208502,211.66
208502,13.37
208502,40.00
208502,133.00
208502,40.00
208276,295.85
208276,8.00
208276,56.00
208276,555.63
208276,.00
208276,40.00
208276,.00
208276,.00
208276,.00
208276,.00
208276,72.95
208276,32.00
208110,458.37
208110,16.00
208110,56.00
208110,121.29
208110,.00
208110,40.00
208110,.00
208110,.00
208110,.00
208110,114.05
208110,40.00
209097,58.52
209097,16.00
209097,56.00
209097,105.26
209097,.00
208532,150.70
208532,.00
208532,56.00
208532,121.14
208532,7.00
208532,209.51
208532,66.06
208532,40.00
208532,80.00
208532,225.64
208532,72.00
208532,392.00
208532,007.84
208532,22.37
208532,207.00
208532,209.51
208532,66.06
208532,133.00
208532,14.00
208532,19.00
208532,278.63
208532,268.00
208532,80.00
209037,47.60
209037,.00
209037,.00
209037,7.00
209037,15.00
209037,21.00
209037,103.69
208250,223.99
208250,16.00
208250,56.00
208250,488.00
208250,.00
208250,40.00
208250,.00
208250,464.00
208250,.00
208250,.00
208250,70.67
208250,40.00
209127,33.84
209127,.00
209127,.00
209127,.00
209127,.00
209127,10.00
209127,22.65
209146,24.64
209146,.00
209146,.00
209146,7.00
209146,.00
209146,12.00
209146,17.60
208421,72.97
208421,2.25
208421,40.00
208421,80.00
208421,10.00
208421,16.00
208421,32.00
208421,24.00
208421,596.45
208421,40.00
207945,444.15
207945,.50
207945,40.00
207945,.00
207945,16.00
207945,32.00
207945,24.00
207945,631.78
207945,40.00
209172,40.00
209125,36.61
209125,.00
209125,.00
209125,3.00
209125,.00
209125,12.00
209125,35.90
207977,480.00
207977,3.00
207977,40.00
207977,.00
207977,16.00
207977,.00
207977,911.93
207977,40.00
207388,597.10
207388,239.00
207388,27.00
207388,.00
207388,.00
207388,16.00
207388,.00
207388,.00
207388,12.00
207388,321.06
207388,4.00
209041,42.62
209041,.00
209041,.00
209041,4.00
209041,.00
209041,9.00
209041,43.88
208869,162.34
208869,.00
208869,40.00
208869,.00
208869,.00
208869,.00
208869,4.00
208869,137.70
208869,40.00
207822,227.25
207822,240.00
207822,40.00
207822,240.00
207822,16.00
207822,.00
207822,24.00
207822,354.40
207822,40.00
208986,56.00
208986,40.00
208986,166.64
208986,160.58
208986,40.00
208986,80.00
208083,231.58
208083,199.62
208083,10.00
208083,81.00
208083,16.00
208083,.00
208083,24.00
208083,320.40
208083,40.00
209095,56.13
209095,.00
209095,.00
209095,6.00
209095,.00
209095,11.00
209095,64.33
209161,15.40
209161,.00
209161,.00
209161,14.00
209161,.00
209161,12.00
209161,14.00
207971,249.99
207971,11.00
207971,40.00
207971,.00
207971,14.00
207971,24.00
207971,20.00
207971,977.65
207971,40.00
207971,946.21
207971,16.00
207971,112.00
207971,40.00
207971,488.00
207971,695.38
207971,357.00
207971,166.64
207971,160.58
207971,80.00
207971,464.00
207971,331.00
207971,151.00
207971,103.00
207971,219.00
207971,624.09
207971,364.00
207971,80.00
209132,40.00
209132,40.00
208466,36.42
208466,.00
208466,56.00
208466,424.78
208466,40.00
208466,133.44
208466,190.31
208466,40.00
208466,40.00
208904,37.83
208904,.00
208904,10.00
208904,5.00
208904,.00
208904,.00
208904,9.00
208904,12.80
208904,33.00
209121,36.61
209121,3.00
209121,.00
209121,13.00
209121,.00
209121,12.00
209121,43.98
209122,36.61
209122,14.25
209122,.00
209122,3.63
209122,.00
209122,11.00
209122,11.10
209077,33.00
209077,64.75
209077,.00
209077,16.00
209077,.00
209077,10.00
209077,22.20
207261,591.69
207261,7.37
207261,40.00
207261,.00
207261,.00
207261,.00
207261,.00
207261,.00
207261,8.00
207261,307.52
207261,40.00
208372,113.70
208372,16.00
208372,22.00
208372,40.00
208372,.00
208372,.00
208372,16.00
208372,.00
208372,.00
208372,10.00
208372,615.90
208372,13.00
208372,.00
208500,274.26
208500,1.50
208500,40.00
208500,.00
208500,16.00
208500,.00
208500,.00
208500,178.75
208500,40.00
209087,59.67
209087,.00
209087,.00
209087,.71
209087,.00
209087,8.00
209087,11.10
208227,90.36
208227,.50
208227,13.00
208227,.00
208227,16.00
208227,.00
208227,.00
208227,358.48
208227,2.00
208923,110.55
208923,3.00
208923,40.00
208923,.00
208923,.00
208923,.00
208923,23.00
208923,187.15
208923,40.00
208597,33.66
208597,.00
208597,2.50
208597,.00
208597,80.00
208597,24.00
208597,.00
208597,.00
208597,22.00
208597,14.47
208597,35.00
208905,63.12
208905,42.00
208905,40.00
208905,.00
208905,16.00
208905,.00
208905,16.00
208905,87.70
208905,40.00
208461,279.78
208461,225.99
208461,10.00
208461,54.00
208461,96.00
208461,.00
208461,16.00
208461,19.00
208461,365.00
208461,40.00
208619,72.93
208619,32.00
208619,40.00
208619,26.00
208619,19.00
208619,16.00
208619,.00
208619,20.00
208619,274.08
208619,5.00
209090,36.21
209090,20.38
209090,.00
209090,.00
209090,.00
209090,8.00
209090,7.40
208691,37.14
208691,.00
208691,.25
208691,14.00
208691,.00
208691,15.00
208691,.00
208691,14.00
208691,35.14
208691,40.00
208057,130.54
208057,.00
208057,40.00
208057,.00
208057,52.00
208057,.00
208057,16.00
208057,.00
208057,13.00
208057,215.81
208057,40.00
209030,50.96
209030,14.00
209030,18.00
209030,16.00
209030,.00
209030,9.00
209030,109.60
208538,186.91
208538,.75
208538,.00
208538,.00
208538,.00
208538,.00
208538,20.00
208538,383.32
208538,.00
207801,224.28
207801,.00
207801,56.00
207801,312.88
207801,.00
207801,40.00
207801,80.00
207801,.00
207801,480.00
207801,.00
207801,.00
207801,.00
207801,228.97
207801,20.00
209094,16.44
209094,3.75
209094,.00
209094,.00
209094,.00
209094,6.00
209094,6.38
208634,53.05
208634,226.00
208634,10.00
208634,4.50
208634,9.00
208634,.00
208634,.00
208634,7.00
208634,169.95
208634,10.00
208694,218.40
208694,196.50
208694,40.00
208694,40.00
208694,16.00
208694,.00
208694,22.00
208694,333.20
208694,10.00
209153,21.56
209153,.00
209153,.00
209153,14.00
209153,.00
209153,11.00
209153,13.40
208613,114.80
208613,.00
208613,118.00
208613,.00
208613,48.00
208613,.00
208613,7.00
208613,.00
208613,.00
208613,165.20
208613,.00
208256,188.04
208256,8.25
208256,40.00
208256,.00
208256,.00
208256,71.00
208256,.00
208256,16.00
208256,.00
208256,17.00
208256,45.64
208256,40.00
209119,40.04
209119,10.00
209119,.00
209119,12.00
209119,.00
209119,11.00
209119,40.10
209160,15.40
209160,20.00
209160,.00
209160,15.00
209160,.00
209160,12.00
209160,14.00
208981,19.28
208981,.00
208981,4.00
208981,.00
208981,.00
208981,.00
208981,.00
208981,12.79
208981,5.00
208924,97.30
208924,117.50
208924,40.00
208924,19.50
208924,.00
208924,.00
208924,22.00
208924,183.40
208924,40.00
209045,94.64
209045,.75
209045,.00
209045,16.00
209045,.00
209045,48.00
209045,45.80
208753,140.80
208753,77.25
208753,40.00
208753,4.00
208753,16.00
208753,.00
208753,10.00
208753,365.80
208753,40.00
208561,229.71
208561,218.50
208561,40.00
208561,26.00
208561,.00
208561,16.00
208561,.00
208561,22.00
208561,344.78
208561,40.00
209141,27.72
209141,2.30
209141,.00
209141,.00
209141,.00
209141,11.00
209141,16.50
209003,18.60
209003,11.25
209003,40.00
209003,13.00
209003,16.00
209003,.00
209003,4.00
209003,12.90
209003,40.00
209154,21.56
209154,.00
209154,.00
209154,8.70
209154,.00
209154,11.00
209154,9.20
208620,.63
208620,.00
208620,.00
208620,284.00
208620,.00
208620,.00
208620,.00
208620,20.00
208620,.51
208620,.00
208620,854.20
208620,112.00
208620,737.66
208620,458.30
208620,643.00
208620,133.44
208620,190.31
208620,358.50
208620,911.00
208620,223.50
208620,313.04
208620,16.00
208620,466.00
208620,250.02
208620,653.00
208620,40.00
208258,136.09
208258,54.25
208258,40.00
208258,.00
208258,16.00
208258,.00
208258,.00
208258,68.90
208258,40.00
208907,72.86
208907,56.25
208907,1.00
208907,.00
208907,.00
208907,.00
208907,20.00
208907,130.81
208907,2.45
208918,106.81
208918,21.25
208918,40.00
208918,.00
208918,6.00
208918,.00
208918,24.00
208918,207.80
208918,40.00
208918,315.76
208918,131.75
208918,81.00
208918,22.00
208918,44.00
208918,407.51
208918,82.45
209071,95.41
209071,.00
209071,11.00
209071,.00
209071,94.35
209071,95.41
209071,11.00
209071,94.35
208807,19.26
208807,.00
208807,16.00
208807,.00
208807,.00
208807,77.70
208807,40.00
208305,152.13
208305,4.50
208305,.00
208305,.00
208305,16.00
208305,.00
208305,10.00
208305,494.60
208305,8.00
207942,254.37
207942,8.00
207942,56.00
207942,130.50
207942,.00
207942,13.00
207942,480.00
207942,.00
207942,.00
207942,.00
207942,11.00
207942,157.15
207942,4.00
208540,66.02
208540,.00
208540,56.00
208540,120.04
208540,.00
208540,.00
208540,33.20
208540,44.32
208540,.00
208540,.00
208540,.00
208540,225.85
208540,40.00
208540,45.60
208408,92.63
208408,16.00
208408,56.00
208408,138.06
208408,.00
208408,5.00
208408,52.00
208408,80.00
208408,.00
208408,.00
208408,12.00
208408,98.62
208408,39.00
208868,99.74
208868,15.00
208868,56.00
208868,134.80
208868,40.00
208868,136.64
208868,188.04
208868,40.00
208868,41.44
209118,39.73
209118,.00
209118,.00
209118,16.00
209118,.00
209118,27.73
208776,24.00
208776,11.25
208776,11.25
209034,112.35
209034,16.00
209034,56.00
209034,186.97
207758,24.00
207758,.00
207758,.00
207758,.00
207758,64.00
207758,.00
207758,18.00
207758,.00
207758,.00
207758,.00
207758,.00
207758,.00
207758,18.00
209014,101.61
209014,.00
209014,40.00
209014,.00
209014,8.00
209014,.00
209014,5.00
209014,84.55
209014,40.00
208661,125.04
208661,.00
208661,56.00
208661,308.28
208661,.00
208661,40.00
208661,300.00
208661,.00
208661,.00
208661,.00
208661,146.61
208661,40.00
207835,10.25
207835,40.00
209036,86.88
209036,12.00
209036,56.00
209036,80.34
209036,.00
209036,.00
209036,.00
209036,.00
209036,12.00
209036,39.50
208975,.63
208975,.00
208975,31.00
208975,.00
208975,.00
208975,.00
208975,1.00
208975,.75
208975,4.00
209139,27.72
209139,.00
209139,.00
209139,14.00
209139,.00
209139,12.00
209139,33.30
208930,131.80
208930,16.00
208930,56.00
208930,163.40
208930,40.00
208930,40.00
209173,40.00
208922,39.05
208922,.00
208922,40.00
208922,.00
208922,13.00
208922,.00
208922,17.00
208922,66.15
208922,40.00
207950,421.24
207950,.00
207950,56.00
207950,683.74
207950,.00
207950,40.00
207950,50.05
207950,74.14
207950,80.00
207950,.00
207950,.00
207950,.00
207950,169.40
207950,40.00
207950,70.00
208850,136.66
208850,.00
208850,9.00
208850,.00
208850,12.00
208850,.00
208850,10.00
208850,236.45
208850,.00
208850,64.00
208850,19.50
208850,19.50
208587,56.00
208587,30.00
208587,360.00
208587,546.90
208587,40.00
208587,78.00
208622,110.66
208622,.37
208622,.00
208622,.00
208622,.00
208622,.00
208622,.00
208622,79.80
208622,16.00
209104,213.79
209104,16.00
209104,56.00
209104,99.72
208016,109.65
208016,70.14
208016,40.00
208016,80.00
208016,.00
208016,.00
208016,12.00
208016,.00
208016,9.00
208016,567.69
208016,40.00
208016,340.96
208016,99.00
208016,616.00
208016,216.00
208016,045.85
208016,75.01
208016,443.00
208016,579.89
208016,853.40
208016,212.00
208016,780.00
208016,80.00
208016,91.00
208016,.00
208016,99.00
208016,505.85
208016,559.75
208016,235.04
208602,293.91
208602,3.00
208602,56.00
208602,148.67
208602,.00
208602,40.00
208602,.00
208602,.00
208602,.00
208602,12.00
208602,309.84
208602,40.00
208836,86.68
208836,.00
208836,.00
208836,.00
208836,11.00
208836,.00
208836,10.00
208836,235.54
208836,36.00
208727,229.56
208727,16.00
208727,56.00
208727,55.25
208727,40.00
208727,40.00
209096,15.40
209096,.00
209096,.00
209096,2.04
209096,.00
209096,11.00
209096,52.80
208784,227.94
208784,.00
208784,22.00
208784,.00
208784,11.00
208784,.00
208784,8.00
208784,234.75
208784,5.00
208784,853.49
208784,19.00
208784,112.00
208784,203.92
208784,102.00
208784,24.04
208784,41.00
208784,832.93
208784,121.00
208784,549.77
208784,6.16
208784,40.00
208784,.00
208784,.00
208784,.00
208784,.00
208784,.00
208784,24.00
208784,439.85
208784,40.00
207911,322.90
207911,.00
207911,40.00
207911,.00
207911,.00
207911,16.00
207911,.00
207911,22.00
207911,065.65
207911,40.00
207911,872.67
207911,6.16
207911,80.00
207911,16.00
207911,46.00
207911,505.50
207911,80.00
208845,199.56
208845,.00
208845,40.00
208845,.00
208845,.00
208845,.00
208845,22.00
208845,274.50
208845,40.00
208281,340.44
208281,102.98
208281,.00
208281,.00
208281,14.00
208281,32.00
208281,24.00
208281,512.19
208281,18.00
209144,23.43
209144,.00
209144,.00
209144,.00
209144,6.00
209144,20.00
209144,9.64
209106,2.48
209106,.00
209106,.00
209106,.00
209106,.00
209106,24.00
209106,51.63
208515,149.46
208515,16.00
208515,56.00
208515,173.60
208515,.00
208515,40.00
208515,80.00
208515,.00
208515,.00
208515,.00
208515,24.00
208515,230.73
208515,20.00
208802,113.16
208802,16.00
208802,56.00
208802,128.18
208802,.00
208802,40.00
208802,80.00
208802,400.00
208802,.00
208802,.00
208802,.00
208802,39.04
208802,40.00
208906,64.73
208906,6.00
208906,40.00
208906,.00
208906,6.00
208906,32.00
208906,4.00
208906,82.32
208906,40.00
207978,326.59
207978,224.57
207978,40.00
207978,98.00
207978,.00
207978,.00
207978,24.00
207978,791.20
207978,40.00
208257,98.97
208257,5.20
208257,40.00
208257,133.00
208257,126.00
208257,16.00
208257,.00
208257,.00
208257,30.90
208257,4.00
208060,299.11
208060,.00
208060,64.00
208060,188.36
208060,.00
208060,.00
208060,80.00
208060,.00
208060,.00
208060,.00
208060,20.00
208060,472.67
208060,40.00
209147,24.64
209147,50.00
209147,.00
209147,12.00
209147,.00
209147,24.00
209147,29.60
208848,95.98
208848,.00
208848,20.00
208848,.00
208848,16.00
208848,.00
208848,24.00
208848,253.80
208848,14.00
209171,.00
209171,.00
209171,.00
209171,14.00
209171,.00
209171,24.00
209171,7.40
208534,81.29
208534,10.87
208534,15.00
208534,26.00
208534,.00
208534,.00
208534,16.00
208534,.00
208534,120.00
208534,40.00
208853,44.46
208853,53.25
208853,40.00
208853,480.00
208853,8.00
208853,.00
208853,22.00
208853,.00
208853,32.18
208853,40.00
209120,40.04
209120,.00
209120,.00
209120,3.00
209120,.00
209120,24.00
209120,48.10
209120,904.34
209120,32.00
209120,176.00
209120,490.14
209120,452.88
209120,315.00
209120,266.00
209120,013.00
209120,232.00
209120,81.00
209120,108.00
209120,258.00
209120,985.90
209120,336.00
202363,519.80
202363,12.00
202363,72.00
202363,625.89
202363,.00
202363,40.00
202363,.00
202363,.00
202363,.00
202363,.01
202363,456.37
202363,40.00
202177,884.81
202177,145.40
202177,40.00
202177,.00
202177,.00
202177,.00
202177,.00
202177,26.00
202177,103.85
202177,40.00
207477,663.63
207477,239.50
207477,40.00
207477,56.00
207477,.00
207477,65.00
207477,.00
207477,14.00
207477,323.10
207477,34.00
208350,591.24
208350,114.50
208350,4.00
208350,.00
208350,.00
208350,.00
208350,24.00
208350,403.30
208350,20.00
208941,178.90
208941,30.75
208941,.00
208941,.00
208941,32.00
208941,132.90
208941,12.00
207987,299.96
207987,239.25
207987,40.00
207987,.00
207987,356.00
207987,8.00
207987,.00
207987,32.00
207987,546.53
207987,40.00
208902,245.78
208902,170.00
208902,40.00
208902,24.00
208902,217.05
208902,40.00
208914,84.08
208914,.00
208914,.00
208914,40.00
208914,.00
208914,16.00
208914,.00
208914,6.00
208914,116.10
208914,40.00
208754,121.18
208754,146.50
208754,.00
208754,12.80
208754,.00
208754,44.00
208754,128.90
207988,155.04
207988,128.32
207988,8.00
207988,.00
207988,.00
207988,.00
207988,.00
207988,24.00
207988,96.55
207988,.00
209101,30.44
209101,.00
209101,.00
209101,16.00
209101,.00
209101,.00
209101,62.30
208292,642.58
208292,175.75
208292,.00
208292,32.00
208292,56.00
208292,.00
208292,4.00
208292,358.00
208292,.00
207989,354.82
207989,117.00
207989,40.00
207989,32.00
207989,.00
207989,.00
207989,.00
207989,48.00
207989,811.76
207989,4.00
207986,408.78
207986,116.50
207986,40.00
207986,.00
207986,12.00
207986,.00
207986,31.00
207986,395.25
207986,40.00
207287,901.50
207287,5.25
207287,40.00
207287,.00
207287,.00
207287,.00
207287,.00
207287,.00
207287,36.00
207287,230.60
207287,24.00
208091,86.38
208091,41.01
208091,40.00
208091,.00
208091,.00
208091,.00
208091,.00
208091,32.00
208091,36.67
208091,40.00
208091,168.92
208091,12.00
208091,72.00
208091,625.89
208091,669.73
208091,412.00
208091,120.00
208091,356.00
208091,141.00
208091,44.80
208091,.01
208091,377.00
208091,419.23
208091,374.00
209091,62.87
209091,29.00
209091,.00
209091,15.00
209091,.00
209091,10.00
209091,51.11
209109,39.20
209109,19.50
209109,.00
209109,16.00
209109,.00
209109,10.00
209109,24.70
208733,35.89
208733,182.87
208733,4.00
208733,80.00
208733,.00
208733,15.00
208733,.00
208733,8.00
208733,293.52
208733,40.00
207982,158.15
207982,39.25
207982,.00
207982,453.00
207982,.00
207982,16.00
207982,.00
207982,3.00
207982,116.70
207982,17.00
208086,440.17
208086,221.87
208086,40.00
208086,69.00
208086,16.00
208086,.00
208086,12.00
208086,026.80
208086,40.00
208376,264.58
208376,210.12
208376,5.00
208376,54.00
208376,.00
208376,365.00
208376,.00
208376,.00
208376,.00
208376,.00
208376,11.00
208376,276.31
208376,4.00
208376,.00
208942,59.13
208942,41.75
208942,.00
208942,.00
208942,16.00
208942,.00
208942,8.00
208942,40.33
208942,.00
209166,9.24
209166,3.75
209166,.00
209166,14.00
209166,.00
209166,12.00
209166,11.10
208979,128.84
208979,104.00
208979,40.00
208979,.00
208979,16.00
208979,.00
208979,8.00
208979,96.00
208979,40.00
209093,48.52
209093,.00
209093,.00
209093,.00
209093,.00
209093,11.00
209093,62.50
209129,.00
209129,36.75
209129,.00
209129,8.00
209129,.00
209129,11.00
209129,32.70
209079,73.49
209079,.00
209079,.00
209079,15.00
209079,.00
209079,11.00
209079,83.99
209170,.00
209170,12.75
209170,.00
209170,15.00
209170,.00
209170,12.00
209170,7.40
208973,83.92
208973,21.00
208973,40.00
208973,.00
208973,16.00
208973,.00
208973,9.00
208973,125.70
208973,40.00
208739,115.72
208739,135.25
208739,9.00
208739,27.00
208739,.00
208739,.00
208739,.00
208739,7.00
208739,34.15
208739,18.00
208440,43.08
208440,9.00
208440,4.00
208440,125.00
208440,.00
208440,16.00
208440,.00
208440,4.00
208440,26.37
208440,17.00
208903,155.08
208903,.00
208903,220.00
208903,40.00
208903,.00
208903,15.00
208903,.00
208903,7.00
208903,147.10
208903,40.00
207414,599.82
207414,16.00
207414,56.00
207414,317.80
207414,.00
207414,40.00
207414,.00
207414,.00
207414,.00
207414,.00
207414,460.93
207414,40.00
207216,273.81
207216,65.20
207216,13.00
207216,.00
207216,273.00
207216,.00
207216,16.00
207216,.00
207216,.16
207216,4.00
207216,11.80
207216,40.00
209130,.00
209130,40.50
209130,.00
209130,7.00
209130,.00
209130,12.00
209130,40.70
208061,97.00
208061,130.54
208061,35.00
208061,44.00
208061,5.00
208061,49.00
208061,16.00
208061,.00
208061,1.00
208061,25.24
208061,.00
208061,688.51
208061,16.00
208061,56.00
208061,317.80
208061,523.11
208061,270.00
208061,631.00
208061,795.00
208061,118.00
208061,248.00
208061,.16
208061,171.00
208061,995.15
208061,336.00
208715,207.68
208715,.50
208715,.00
208715,.00
208715,16.00
208715,.00
208715,11.00
208715,256.84
208715,27.00
208722,15.40
208722,.00
208722,.00
208722,14.00
208722,.00
208722,12.00
208722,18.50
208722,223.08
208722,.50
208722,30.00
208722,23.00
208722,275.34
208722,27.00
209069,55.74
209069,.00
209069,.00
209069,6.00
209069,.00
209069,7.00
209069,40.30
208939,12.65
208939,6.00
208939,40.00
208939,.00
208939,.00
208939,.00
208939,13.00
208939,101.15
208939,40.00
207841,128.30
207841,239.21
207841,40.00
207841,62.00
207841,213.00
207841,51.00
207841,.00
207841,.00
207841,13.00
207841,65.30
207841,40.00
209155,18.48
209155,.00
209155,.00
209155,14.00
209155,.00
209155,12.00
209155,22.20
208121,342.37
208121,.00
208121,.00
208121,80.00
208121,.00
208121,16.00
208121,.00
208121,596.65
208121,.00
208121,620.61
208121,16.00
208121,56.00
208121,216.70
208121,.00
208121,30.00
208121,35.00
208121,.00
208121,8.00
208121,.00
208121,.00
208121,.00
208121,24.00
208121,586.11
208121,8.00
209008,74.02
209008,12.00
209008,40.00
209008,.00
209008,16.00
209008,.00
209008,13.00
209008,38.70
209008,40.00
201081,32.00
201081,.00
201081,.00
208743,66.09
208743,232.50
208743,.00
208743,480.00
208743,4.00
208743,8.00
208743,.00
208743,15.00
208743,179.05
208743,18.00
208743,318.26
208743,16.00
208743,56.00
208743,32.00
208743,216.70
208743,489.71
208743,150.00
208743,177.00
208743,693.00
208743,63.00
208743,60.00
208743,97.00
208743,629.46
208743,146.00
208623,55.91
208623,.25
208623,31.00
208623,.00
208623,16.00
208623,.00
208623,8.00
208623,179.80
208623,40.00
203998,553.47
203998,240.00
203998,40.00
203998,.00
203998,.00
203998,16.00
203998,.00
203998,.06
203998,12.00
203998,935.95
203998,40.00
208884,24.44
208884,.00
208884,.00
208884,.00
208884,16.00
208884,43.03
208884,12.00
208884,633.82
208884,240.25
208884,71.00
208884,48.00
208884,.06
208884,20.00
208884,158.78
208884,92.00
208884,930.25
208884,80.00
208884,038.50
208884,830.00
208884,46.20
208884,526.00
208884,607.35
208884,398.46
208884,520.15
208884,058.48
208884,216.44
208884,609.40
208884,9.00
208884,391.38
208884,202.11
208884,721.96
208884,259.00
208884,.23
208884,924.00
208884,295.26
208884,569.10
208884,436.63
208884,150.44
208884,595.55
208884,903.85
208884,656.15
